latent_dims,correlation_cor,correlation_dis,correlation_cor last 10 epochs,correlation_dis last 10 epochs,recovered equations,accuracy (individualt),accuracy equations,constant MSE,average distance constants,accuracy (individual),learning_rate,weight,kl_weight,test_reconstruction_loss,test_constant_loss,test_latent_correlation_loss,test_kl_divergence
1,,0.80449378490448,0.01199638843536377,0.6750213623046875,,,0.2527027027027027,0.41101288666596286,0.446237512536951,0.5087837837837837,0.001,1.0,0.0001,2.705281025654561,0.295389226562268,0.29549508481412323,373.9200732256915
2,,0.915866494178772,-0.0343725323677063,0.8521809577941895,,,1.0,0.007524748106260557,0.06896374676678632,1.0,0.001,1.0,0.0001,0.017273509572889353,0.011075874085764627,0.1775032708773742,646.8887077537743
3,,0.9689326882362366,-0.01269116997718811,0.9552374839782715,,,1.0,0.007706784557651829,0.06870681144095755,1.0,0.001,1.0,0.0001,0.0020864399333289396,0.02165731350966805,0.0370207163127693,727.010669605152
4,,0.9675588011741638,-0.03317265808582306,0.9583538055419922,,,1.0,0.006530411179001267,0.06374379750844594,1.0,0.001,1.0,0.0001,0.004645401483808323,0.11888324147140658,0.052568522659507955,902.2042277568096
5,,0.9770981669425964,-0.02703123092651367,0.9565184593200684,,,1.0,0.005190059945390031,0.05692950583793022,1.0,0.001,1.0,0.0001,0.014726603589863501,0.010897214165762873,0.04248452911505828,869.5570216823269
6,,0.9603636860847473,-0.034694111347198485,0.9532853126525879,,,1.0,0.006285406447745659,0.06177726951805321,1.0,0.001,1.0,0.0001,0.0014133976597017987,0.007885623396047065,0.04536673184987661,795.5553918786951
7,,0.9648579955101013,-0.028946098685264588,0.9629827499389648,,,1.0,0.00793734176738842,0.0697868656467747,1.0,0.001,1.0,0.0001,0.0332467056200462,0.027151214135055605,0.0405394289944623,1131.88723507443
8,,0.9676241278648376,-0.025725668668746947,0.9574160575866699,,,1.0,0.007761291555456213,0.07032641849002323,1.0,0.001,1.0,0.0001,0.0031462116752958833,0.013241679105605628,0.046677467790809835,995.5987482844172
9,,0.955369770526886,-0.049842774868011475,0.9496179580688476,,,1.0,0.008819614874350058,0.07647680334142737,1.0,0.001,1.0,0.0001,0.002635323599246771,0.00816701611227079,0.04899429147307937,999.0479158968539
10,,0.965617835521698,-0.02960435748100281,0.9548698425292969,,,1.0,0.009221655613667256,0.0763939161558409,1.0,0.001,1.0,0.0001,0.004201341726395578,0.021796276918738276,0.034606970645285944,1262.3944355732685
11,,0.9613934755325317,-0.01859734207391739,0.9445788383483886,,,0.9986486486486487,0.00921669779597102,0.07601089477539062,0.9990990990990991,0.001,1.0,0.0001,0.0004271091355976013,0.008559712617834276,0.05763003713375813,1117.4180322595544
12,,0.9586440920829773,-0.036068189144134524,0.9436194419860839,,,1.0,0.012801727088722023,0.0896947396768106,1.0,0.001,1.0,0.0001,0.00035669119210364735,0.01203648338245379,0.055621133462802785,1128.147668786951
13,,0.9563753604888916,-0.01393144130706787,0.9439802169799805,,,1.0,0.006784312789504593,0.06557688326449007,1.0,0.001,1.0,0.0001,0.0013224950053955654,0.00825072334752091,0.0564185115131172,1154.5941582757073
14,,0.9628012180328369,-0.02482334226369858,0.9441152572631836,,,1.0,0.00780717488881704,0.07035622983365446,1.0,0.001,1.0,0.0001,0.00042426797618473584,0.007807174401760504,0.03697469427778914,1240.7163168417442
15,,0.9536262154579163,-0.005952741205692291,0.9433186531066895,,,1.0,0.012552216246321395,0.08725273544723923,1.0,0.001,1.0,0.0001,0.0012256482272327098,0.009070274111739284,0.05716825659210618,1223.5227034285263
16,,0.9590165019035339,-0.011003787070512772,0.9432100296020508,,,1.0,0.006349033922762484,0.061057415524044555,1.0,0.001,1.0,0.0001,0.003408266192708824,0.03284373187233467,0.050709050249409034,1280.7842621674408
1,,0.7964289784431458,0.0035501688718795775,0.7246190071105957,,,0.30675675675675673,0.5534906335779138,0.5621845967060811,0.5371621621621622,0.001,1.0,0.0001,2.0849230547209046,0.9250444028828595,0.2626117886723699,406.1476935309333
2,,0.8656443953514099,-0.027686303853988646,0.7872476577758789,,,1.0,0.007388306952811576,0.06627115301183752,1.0,0.001,1.0,0.0001,0.012631036378946659,0.007369374013128313,0.22610080644891067,654.2385348758182
3,,0.9530347585678101,-0.02236950695514679,0.9413033485412597,,,1.0,0.009995965699891786,0.07632570008973817,1.0,0.001,1.0,0.0001,0.0016080864604461837,0.009692410944734473,0.06609369774122496,637.6465602565456
4,,0.976960301399231,-0.005530082806944847,0.9631661415100098,,,1.0,0.010787195772738071,0.08312257818273595,1.0,0.001,1.0,0.0001,0.0007121998852518438,0.012371014300230387,0.04119840989241729,812.7329324258341
5,,0.9691177606582642,-0.008155535161495208,0.9673430442810058,,,1.0,0.01001023988466005,0.07705249270877322,1.0,0.001,1.0,0.0001,0.0005622799829792269,0.010341807998515464,0.03234781687324111,927.781526307802
6,,0.9671590924263,-0.05031980872154236,0.963686180114746,,,1.0,0.00904461499806997,0.07393421482395482,1.0,0.001,1.0,0.0001,0.003451713071380918,0.008759969625168958,0.03718311561120523,878.415495176573
7,,0.9691611528396606,-0.02492609918117523,0.9597444534301758,,,0.9986486486486487,0.007359558182793695,0.06601306296683647,0.9988738738738738,0.001,1.0,0.0001,0.0009920633855398518,0.006042732492189955,0.03986926658733471,876.4616229083088
8,,0.9656546115875244,-0.013867999613285064,0.9579338073730469,,,1.0,0.006613164979058343,0.0637947804219014,1.0,0.001,1.0,0.0001,0.005062726308981812,0.011316235290487876,0.04155568738241453,989.6894753945841
9,,0.9709416627883911,-0.03644589781761169,0.9579687118530273,,,0.9986486486486487,0.007575758083446606,0.0685817409206081,0.9988738738738738,0.001,1.0,0.0001,0.00048673674592231,0.010821124771609902,0.03681083063821535,1214.8112867200696
10,,0.9665890336036682,-0.017940738797187807,0.9478276252746582,,,1.0,0.010285837585861619,0.08145009633657095,1.0,0.001,1.0,0.0001,0.00033160768869591365,0.009078462752891151,0.04657707504324011,1147.7301421294342
11,,0.9589859843254089,-0.004030494764447212,0.9549237251281738,,,1.0,0.010453135258442646,0.08250109182821738,1.0,0.001,1.0,0.0001,0.00010055196309769747,0.007523848605971481,0.05289160883104479,1171.7656579919762
12,,0.9619773030281067,-0.024703575670719145,0.9453814506530762,,,1.0,0.007878503283938847,0.06917361697635135,1.0,0.001,1.0,0.0001,0.00043425598542435673,0.004650579413046708,0.04510933805156399,1039.7692310230152
13,,0.9542083740234375,-0.03794380724430084,0.9412506103515625,,,1.0,0.006092275155557168,0.06178692998112859,1.0,0.001,1.0,0.0001,0.003933001735743813,0.007155834067914937,0.05296298619863149,1068.1873746304898
14,,0.9531930088996887,-0.019649998843669893,0.9422849655151367,,,1.0,0.009052927429611618,0.07581148405332823,1.0,0.001,1.0,0.0001,0.0030832730013030784,0.007328012133822651,0.06136286903072048,1048.6083044103675
15,,0.9523095488548279,-0.010277146100997924,0.9447764396667481,,,0.995945945945946,0.007869533590368322,0.06911321072965054,0.9977477477477478,0.001,1.0,0.0001,0.001051754265702314,0.006932026536732509,0.0714996505428005,1200.6927861394108
16,,0.9520847797393799,-0.03631128966808319,0.9330343246459961,,,1.0,0.0058313614613301045,0.06015139399348079,1.0,0.001,1.0,0.0001,0.0001464109572996652,0.009104449327128965,0.06470452208776732,1071.2420233649177
1,,0.7416641712188721,0.0015109356492757798,0.7149138927459717,,,0.23243243243243245,0.37964155867293076,0.447029278729413,0.5209459459459459,0.001,1.0,0.0001,2.135402933971302,0.7503959721810108,0.24751202641306697,340.95066379856416
2,,0.8927304148674011,0.007776443660259247,0.8453871726989746,,,1.0,0.005826050526386983,0.0593482764991554,1.0,0.001,1.0,0.0001,0.01627746396823912,0.034975619609090125,0.1479553628612209,669.4509034027924
3,,0.9543938040733337,-0.02064245045185089,0.9470059394836425,,,1.0,0.008734981433765308,0.07265577574033995,1.0,0.001,1.0,0.0001,0.001189072359380048,0.008749323204864521,0.05821086184398548,632.2760232461466
4,,0.9771698117256165,-0.016567571461200713,0.9684946060180664,,,1.0,0.007520499100556245,0.06969224053460199,1.0,0.001,1.0,0.0001,0.0007392256011371501,0.011255639882103817,0.03371738340403583,875.9555251662796
5,,0.9745166897773743,-0.011615636944770812,0.9670839309692383,,,1.0,0.006198390754493507,0.06053628663758974,1.0,0.001,1.0,0.0001,0.0007664637108777046,0.007443151814309326,0.033249034269435984,889.3418422389675
6,,0.9586256146430969,-0.04042960405349731,0.9538795471191406,,,1.0,0.00856998417828534,0.07536222612535631,1.0,0.001,1.0,0.0001,0.0009483292585197912,0.022406629790124054,0.04904232154021392,760.3964571566195
7,,0.9650839567184448,-0.020918425917625428,0.9553645133972168,,,1.0,0.0074874478417473874,0.06987613987278293,1.0,0.001,1.0,0.0001,0.0734778666126265,0.057751608534237824,0.06813662599872898,988.3573674382391
8,,0.9660810828208923,-0.016393253207206727,0.9538114547729493,,,1.0,0.006607837934751768,0.06352556589487436,1.0,0.001,1.0,0.0001,0.0018388974563217867,0.005972610415286712,0.04262169631751808,908.7931172138935
9,,0.9644438028335571,-0.01602998226881027,0.9511064529418946,,,0.9986486486486487,0.007929276775669408,0.06941024161673881,0.9986486486486487,0.001,1.0,0.0001,0.016543489068410692,0.011021903728613176,0.05337028165121336,1122.8680090002113
10,,0.9650264978408813,-0.03065902292728424,0.9503044128417969,,,1.0,0.006431230338844093,0.0634282704946157,1.0,0.001,1.0,0.0001,0.0008242372988771987,0.006145151262800838,0.0523802581671122,1077.6818979624156
11,,0.9610068798065186,-0.04330531358718872,0.9519173622131347,,,1.0,0.007705670434075433,0.06947649362924936,1.0,0.001,1.0,0.0001,0.00023674544929629002,0.009609604613050013,0.04200062397364024,1131.3666917955554
12,,0.9559727311134338,-0.020831337571144103,0.9488912582397461,,,1.0,0.007493282008815456,0.06744497660044077,1.0,0.001,1.0,0.0001,0.002446381603194085,0.010320154673143013,0.05224811386417698,1154.9191597603462
13,,0.9528478980064392,-0.025465962290763856,0.9469119071960449,,,1.0,0.007346802788811761,0.0681988896550359,1.0,0.001,1.0,0.0001,0.0004121211120061186,0.012350981916628173,0.06218159601495073,1065.5376248746304
14,,0.9522765874862671,-0.014187736809253693,0.9475270271301269,,,1.0,0.009667875960066512,0.07577089876741977,1.0,0.001,1.0,0.0001,0.0027537931274383555,0.012097281189887104,0.047979988761850306,1134.3314011032517
15,,0.9671847820281982,-0.019529877603054045,0.9518458366394043,,,1.0,0.009105487771936364,0.07464178961676521,1.0,0.001,1.0,0.0001,0.007237912662940043,0.010085231964350553,0.049661434985495904,1278.8536517169025
16,,0.9489891529083252,-0.03344416320323944,0.941223430633545,,,1.0,0.008596544007997255,0.07358634536330765,1.0,0.001,1.0,0.0001,0.0014403041159557935,0.007742606845961229,0.05025721643422101,1196.0401000976562
1,,0.80511075258255,0.006035878881812095,0.7532959938049316,,,0.18513513513513513,0.20169211722709038,0.327003643963788,0.5268018018018018,0.001,1.0,0.0001,2.5920488222225293,0.2223488758947398,0.239135135669966,502.99715196764146
2,,0.8120452165603638,0.007699190825223923,0.7375106334686279,,,1.0,0.007664105698869035,0.06705037709828969,1.0,0.001,1.0,0.0001,0.014541670315068317,0.006779960268554655,0.2111240963678102,592.3190126161318
3,,0.9592742919921875,-0.01762649565935135,0.9289788246154785,,,1.0,0.00760002393980284,0.06890473236908784,1.0,0.001,1.0,0.0001,0.0014184875123917024,0.011173929333233752,0.0604737989000372,730.6031972524282
4,,0.9732459187507629,-0.01689321845769882,0.9651557922363281,,,1.0,0.008524903735599002,0.07081152941729571,1.0,0.001,1.0,0.0001,0.024505208798596082,0.007860005021447668,0.03360470646136516,852.1650819520693
5,,0.9721457362174988,-0.029320836067199707,0.9576031684875488,,,1.0,0.007002318227613294,0.06581892065099768,1.0,0.001,1.0,0.0001,0.0008450449431436298,0.006758763017510441,0.032617118713018055,892.941803803315
6,,0.9590922594070435,-0.0300256609916687,0.9521649360656739,,,1.0,0.006862559834042111,0.06300850430050411,1.0,0.001,1.0,0.0001,0.0011669361026941112,0.006063896247085083,0.04334982424168973,848.7100120750633
7,,0.9685918688774109,-0.026755249500274657,0.9648688316345215,,,1.0,0.006874884785832585,0.06530435922983531,1.0,0.001,1.0,0.0001,0.000648239642450298,0.006123892472100419,0.034391826874501,1010.561446731155
8,,0.961100161075592,-0.04528459906578064,0.9561712265014648,,,0.9986486486486487,0.009304759309098527,0.0755544610925623,0.9988738738738738,0.001,1.0,0.0001,0.0502029187864045,0.007762928235319418,0.053045464528573526,1171.1962593697212
9,,0.9654350280761719,-0.03132366836071014,0.9601475715637207,,,1.0,0.007287691734932564,0.06633817827379382,1.0,0.001,1.0,0.0001,0.02002974397210228,0.00926864123903215,0.03846104966627585,1276.9986572265625
10,,0.9660230278968811,-0.050017786026000974,0.9494510650634765,,,1.0,0.009600971196148847,0.07714299382390202,1.0,0.001,1.0,0.0001,0.0011025438111942462,0.010335084227089947,0.04839301109313965,1064.245478449641
11,,0.9660871028900146,-0.034307196736335754,0.9525655746459961,,,1.0,0.0060690725171888196,0.06202651358939506,1.0,0.001,1.0,0.0001,0.002474302080470905,0.0063486382038005305,0.041913423989270185,1130.7830818794869
12,,0.9679967761039734,-0.015878313779830934,0.9545700073242187,,,1.0,0.008198788359358503,0.07145731126939928,1.0,0.001,1.0,0.0001,0.006661957985646016,0.0292760291187143,0.03537200351019163,1473.8392993823902
13,,0.951751708984375,-0.016814401745796202,0.9473858833312988,,,0.9986486486486487,0.006698711498363598,0.06603821419380806,0.9997747747747747,0.001,1.0,0.0001,0.0016725929891816958,0.005448494222946465,0.06387961635718474,1190.0296894795185
14,,0.9590266942977905,-0.02432410418987274,0.9422026634216308,,,1.0,0.007893182135917045,0.07083717552391258,1.0,0.001,1.0,0.0001,0.011914509415529776,0.013228961870678374,0.06478059533480052,1119.5231743889885
15,,0.9633335471153259,-0.02134336084127426,0.9484230041503906,,,1.0,0.0075548996796479095,0.06911137555096601,1.0,0.001,1.0,0.0001,0.0009115139378450663,0.010115756640663824,0.059263355828620294,1276.7824245143581
16,,0.962054967880249,-0.02107361555099487,0.9374567031860351,,,1.0,0.005412594047752586,0.05858387818207612,1.0,0.001,1.0,0.0001,0.000654620108361013,0.006915754342854426,0.0715472665992943,1233.5281372070312
1,,0.6836630702018738,0.01997649222612381,0.6732755661010742,,,0.11486486486486487,0.15862936071447423,0.2884399001662796,0.41846846846846847,0.001,1.0,0.0001,2.518145306690319,0.19720215048338915,0.3351859232863864,345.12338174355995
2,,0.9162739515304565,-0.013846488296985626,0.8459085464477539,,,1.0,0.010812126623617637,0.07237284892314189,1.0,0.001,1.0,0.0001,0.03107145393418299,0.00896030236539003,0.14981790491052577,678.104772619299
3,,0.9669498801231384,0.0019554277881979943,0.9559269905090332,,,1.0,0.008497225916063464,0.07294376476390942,1.0,0.001,1.0,0.0001,0.0018098796938067756,0.008580899614891087,0.0464268455634246,748.3957832955025
4,,0.9761140942573547,-0.02761331796646118,0.9609004974365234,,,1.0,0.012049522915401975,0.08816578839276289,1.0,0.001,1.0,0.0001,0.0011284074433796057,0.020256820260672957,0.041462827373195336,968.2857336095861
5,,0.9710866808891296,-0.0550198495388031,0.9632027626037598,,,1.0,0.009183297930537043,0.07526468328527502,1.0,0.001,1.0,0.0001,0.0006517833920387037,0.014512120104218656,0.04307668676247468,938.3188229122677
6,,0.9655866026878357,-0.006755316257476806,0.957781982421875,,,1.0,0.009416544759595717,0.07530920698836042,1.0,0.001,1.0,0.0001,0.0077905383557270004,0.007818791461554734,0.03696085230724232,859.949680637669
7,,0.9648748636245728,-0.05249091982841492,0.9579434394836426,,,1.0,0.00567901070053513,0.05853826677477038,1.0,0.001,1.0,0.0001,0.00074547593666884,0.007881095809106892,0.04334333539009094,976.8560964223501
8,,0.9686474204063416,-0.042839831113815306,0.9591635704040528,,,1.0,0.005879514281814163,0.05991185162518475,1.0,0.001,1.0,0.0001,0.03795490246773477,0.037411673258788684,0.060773352513442166,1252.6681304106842
9,,0.965998113155365,-0.01994287371635437,0.9584531784057617,,,1.0,0.01071789973490947,0.08138176170555321,1.0,0.001,1.0,0.0001,0.01173852239296409,0.005232615541112986,0.03808172812332978,1132.429633063239
10,,0.9638770818710327,-0.026472193002700806,0.9541672706604004,,,1.0,0.0076336821994265995,0.06721820315799197,1.0,0.001,1.0,0.0001,0.0004251695295351965,0.01022064931866889,0.051494951989199664,1156.796041952597
11,,0.9734156131744385,-0.02087266892194748,0.9510429382324219,,,1.0,0.007831429146431588,0.07025026372961096,1.0,0.001,1.0,0.0001,0.4038241372217198,0.02183417317684035,0.03878511125976975,1426.6237776472763
12,,0.9572941064834595,-0.022867032885551454,0.9519039154052734,,,1.0,0.008105359206328521,0.07151188206028294,1.0,0.001,1.0,0.0001,0.008902891635787799,0.02806188230327255,0.053119887371320985,1367.3461782094594
13,,0.9592178463935852,-0.032616665959358214,0.946589469909668,,,1.0,0.00886121891640328,0.0755890872027423,1.0,0.001,1.0,0.0001,0.01699426737524993,0.013976959322856084,0.04974578361253481,1232.4136055611275
14,,0.9394951462745667,-0.025703999400138854,0.9290796279907226,,,1.0,0.006819317791913007,0.0656321654448638,1.0,0.001,1.0,0.0001,0.00020034329855735523,0.006348717372512093,0.06125904659967165,1002.8382634343328
15,,0.9535886645317078,-0.0372014194726944,0.9440450668334961,,,0.9972972972972973,0.007254384659432076,0.06676489340292441,0.9984234234234234,0.001,1.0,0.0001,0.00215701735457109,0.008520160033996846,0.04674127697944641,1293.6274710990288
16,,0.9559882879257202,-0.032304969429969785,0.9438074111938477,,,1.0,0.00782594616348679,0.06674153095967061,1.0,0.001,1.0,0.0001,0.005629341622303351,0.007854190157927774,0.05563007899232813,1234.4196785591744
1,,0.7198604345321655,0.010584013909101487,0.6493862628936767,,,0.22567567567567567,0.4221452042863176,0.49616921914590373,0.49752252252252255,0.001,1.0,0.0001,2.3147824906014107,0.4609709688135096,0.33871590768968735,405.1800244305585
2,,0.8923695683479309,-0.025569412112236022,0.8259730339050293,,,1.0,0.00647113645398939,0.06183031443003062,1.0,0.001,1.0,0.0001,0.02167767198202578,0.010749562920348064,0.1648513263947255,664.2149200439453
3,,0.9434544444084167,-0.013222110271453858,0.899561595916748,,,1.0,0.008916888365874419,0.07306186572925465,1.0,0.001,1.0,0.0001,0.0011406642058588929,0.013182322733809013,0.1298202815893534,696.4555796030405
4,,0.9716039299964905,-0.01054726392030716,0.9578731536865235,,,1.0,0.0063327750644168335,0.06475966170027449,1.0,0.001,1.0,0.0001,0.0002918196939414908,0.009623122709878796,0.04514004974751859,885.8707473342483
5,,0.9746113419532776,-0.015332135558128356,0.9639609336853028,,,0.9986486486486487,0.00999023978774612,0.07770404300174198,0.9993243243243243,0.001,1.0,0.0001,0.0009478741850781827,0.008189954222305803,0.03238316564946561,902.8024044552365
6,,0.9642825722694397,-0.0396892637014389,0.9592029571533203,,,1.0,0.006730585484891324,0.06351168864482158,1.0,0.001,1.0,0.0001,0.005636504162818735,0.011936545170642235,0.043083269048381494,874.0396489323797
7,,0.9688711166381836,-0.027251601219177246,0.9629276275634766,,,1.0,0.00785289004042342,0.06936666127797719,1.0,0.001,1.0,0.0001,0.0012604371037825233,0.012346283444581,0.04032709630759987,1067.3751393911
8,,0.9576003551483154,-0.005440116673707962,0.943177318572998,,,1.0,0.007768605206463788,0.07031215977024388,1.0,0.001,1.0,0.0001,0.001678091540344286,0.0063722637305791315,0.04664094383652146,902.9986918681377
9,,0.9613807797431946,-0.036521679162979125,0.952367115020752,,,1.0,0.008073931126981168,0.0706949182458826,1.0,0.001,1.0,0.0001,0.00072696459352989,0.006462260196614708,0.04555956576321576,1073.4030695734798
10,,0.961452305316925,-0.022453413903713228,0.953807258605957,,,1.0,0.007874725960396432,0.07018308897276182,1.0,0.001,1.0,0.0001,0.026896391437952156,0.007354781094535782,0.05304351368465939,1160.228963491079
11,,0.9588947892189026,-0.007556489855051041,0.9550724029541016,,,1.0,0.010360117860742517,0.07859572848758183,1.0,0.001,1.0,0.0001,0.001095399839549508,0.01195400081121841,0.046430962311254965,1128.1743625950169
12,,0.9530944228172302,-0.03510981798171997,0.9431814193725586,,,0.9986486486486487,0.008474739177806957,0.0717980668351457,0.9997747747747747,0.001,1.0,0.0001,0.00023660863166082276,0.008698586456326617,0.061969648341874815,1083.5622088458088
13,,0.9535007476806641,-0.04142078757286072,0.9454888343811035,,,0.9986486486486487,0.009516137355082744,0.07503024951831715,0.9988738738738738,0.001,1.0,0.0001,0.0007010483861105624,0.004965104876916755,0.049324105720262267,1268.993434596706
14,,0.9545999765396118,-0.0438173770904541,0.9476404190063477,,,1.0,0.008645552557867926,0.07256414568102038,1.0,0.001,1.0,0.0001,0.0035545665557799875,0.009429308076112254,0.05182301998138428,1392.9968608134502
15,,0.9475609660148621,-0.05045415759086609,0.9408846855163574,,,1.0,0.009939592593425028,0.07790929433461782,1.0,0.001,1.0,0.0001,0.0005084557985933439,0.01029165108008562,0.06917915553660006,1157.8472430254963
16,,0.9657268524169922,-0.020354604721069335,0.9421756744384766,,,1.0,0.007414146371789881,0.0667309013572899,1.0,0.001,1.0,0.0001,0.002708473894263325,0.006851128044513029,0.04481479122832015,1157.8693262048669
1,,0.74972003698349,-0.0008183615282177925,0.6567897796630859,,,0.14189189189189189,0.048493782249656885,0.1460357666015625,0.45022522522522523,0.001,1.0,0.0001,2.323164994652207,0.07340317612161508,0.3784231350228593,480.49355006862334
2,,0.8903163075447083,-0.03507637977600098,0.8204591751098633,,,0.9986486486486487,0.0071341282612568625,0.06479891184214,0.9986486486486487,0.001,1.0,0.0001,0.019938831859444443,0.012334656423410854,0.18500078932659045,660.1094818115234
3,,0.9581935405731201,-0.013914097845554353,0.9494095802307129,,,1.0,0.006965393633455844,0.0653804469752956,1.0,0.001,1.0,0.0001,0.0017642686542711926,0.00863989131097254,0.050888065550778364,737.8087413890942
4,,0.9709750413894653,-0.0165083646774292,0.9617258071899414,,,1.0,0.007281969689034127,0.06705741366824589,1.0,0.001,1.0,0.0001,0.0001767373783336921,0.008760727098765405,0.0339746225524593,780.2491677773966
5,,0.9726390242576599,-0.028739571571350098,0.9647212982177734,,,0.9986486486486487,0.010090193232974491,0.07505491102063978,0.9986486486486487,0.001,1.0,0.0001,0.0027104015766904136,0.017350663909235516,0.035922553088213946,958.2482885412268
6,,0.9751688241958618,-0.025753548741340636,0.9613783836364747,,,1.0,0.010974490964734877,0.07982857162887985,1.0,0.001,1.0,0.0001,0.0014817016287230905,0.01187374717178377,0.05215879308210837,1073.1646736763619
7,,0.9702199697494507,-0.022586750984191894,0.9592648506164551,,,1.0,0.005300182265204352,0.05722261377283045,1.0,0.001,1.0,0.0001,0.0031152960535208067,0.01024286392321055,0.04767194068109667,1123.8361882390202
8,,0.9666010141372681,-0.02448292076587677,0.9578213691711426,,,1.0,0.006866726359805546,0.06500001340299039,1.0,0.001,1.0,0.0001,0.0023730710458334512,0.010444759982763915,0.04570079574713836,1006.4826899348078
9,,0.9671057462692261,-0.01372559517621994,0.9557427406311035,,,1.0,0.005313488921603641,0.05807900299897065,1.0,0.001,1.0,0.0001,0.10511037224047892,0.011459966655820608,0.056307830520578334,1091.9350289009712
10,,0.9529010653495789,-0.04549414813518524,0.9438532829284668,,,1.0,0.009880290804682551,0.0801319019214527,1.0,0.001,1.0,0.0001,0.0007452608761259644,0.010895894896994168,0.05475718588442416,1121.7418856234165
11,,0.9670966267585754,-0.03508345484733581,0.9523502349853515,,,1.0,0.005514917502532134,0.05806951780576964,1.0,0.001,1.0,0.0001,0.0003770279029079058,0.008587152653096898,0.049214786774403343,1136.8625430545292
12,,0.9620603322982788,-0.036701104044914244,0.9481940269470215,,,1.0,0.008777597143843368,0.07278132052034945,1.0,0.001,1.0,0.0001,0.007290119610548277,0.007758669504845464,0.052853244381981926,1436.2510540936444
13,,0.9573994874954224,-0.022327762842178345,0.943930721282959,,,1.0,0.009539522995819916,0.07784880560797613,1.0,0.001,1.0,0.0001,0.00044657027866698036,0.013222805614507682,0.044778708670590375,1223.9960137444573
14,,0.9592779874801636,-0.035862645506858824,0.9416967391967773,,,1.0,0.007683938258403056,0.07084120673102301,1.0,0.001,1.0,0.0001,0.00017847036621781848,0.00789168368823625,0.05757804174680967,1091.1044954866977
15,,0.9496381282806396,-0.039763572812080386,0.9385066032409668,,,1.0,0.0077941340369147225,0.07041040884481894,1.0,0.001,1.0,0.0001,0.015057329607008944,0.010611060818002836,0.06011625238367029,1223.9780322925465
16,,0.9483415484428406,-0.02182302623987198,0.9426024436950684,,,1.0,0.006055987847817911,0.06107189075366871,1.0,0.001,1.0,0.0001,0.006292407585754739,0.011766069795231562,0.05963496259740881,1298.6898968670819
1,,0.8203134536743164,0.016794876754283906,0.7182487487792969,,,0.1608108108108108,0.1391321646200644,0.23881157539986275,0.4346846846846847,0.001,1.0,0.0001,2.6869094017389656,0.3173936893408363,0.3406165483835581,474.4845160406989
2,,0.9354158043861389,-0.017696109414100648,0.9050069808959961,,,1.0,0.006990465602359257,0.059709853094977304,1.0,0.001,1.0,0.0001,0.013849952358853173,0.014974913308145228,0.09577028896357562,653.9228956892683
3,,0.952825665473938,-0.02983343303203583,0.932273006439209,,,1.0,0.009167662826744286,0.07425897443616712,1.0,0.001,1.0,0.0001,0.002500778208077709,0.010542118500263707,0.07911842336525789,705.0867895177893
4,,0.9769957661628723,-0.026020029187202455,0.9642617225646972,,,1.0,0.01131045625016496,0.08330420932254276,1.0,0.001,1.0,0.0001,0.0010575850791536977,0.010593938578322932,0.030599541760779714,821.8153034931904
5,,0.9723283648490906,-0.04035715162754059,0.9681951522827148,,,1.0,0.005780181369265994,0.058531364234718115,1.0,0.001,1.0,0.0001,0.0010069626700282537,0.008940392331144697,0.031100790242891054,983.7064613136085
6,,0.9716144800186157,-0.05389890670776367,0.9642885208129883,,,1.0,0.009724484907614218,0.07690375044539167,1.0,0.001,1.0,0.0001,0.0001740213370008073,0.008420422843128845,0.03045514225959778,1018.2433265479835
7,,0.9675699472427368,-0.017158308625221254,0.965331745147705,,,1.0,0.00784141695177233,0.06919761863914696,1.0,0.001,1.0,0.0001,0.03662495103177404,0.014176519084218386,0.03281383176107664,1089.5034616831188
8,,0.9660778641700745,-0.027263611555099487,0.9536513328552246,,,1.0,0.006956002518937394,0.06601880047772382,1.0,0.001,1.0,0.0001,0.2189534075394575,0.05852724339913677,0.05947512066042101,1425.180716849662
9,,0.9622089862823486,-0.034618282318115236,0.9515460014343262,,,1.0,0.00819238263207513,0.07007138020283467,1.0,0.001,1.0,0.0001,0.001961790941537844,0.008348935736796341,0.050410634762532006,1140.8167361697635
10,,0.9579084515571594,-0.034815773367881775,0.9512219429016113,,,1.0,0.01088550026352341,0.08078029735668285,1.0,0.001,1.0,0.0001,0.002032009960104817,0.008298167669390505,0.05054421038241,1069.003634066195
11,,0.9672642350196838,-0.028556054830551146,0.9501119613647461,,,1.0,0.005323364927962019,0.058212465853304474,1.0,0.001,1.0,0.0001,0.0016291962261626345,0.005323364764351297,0.03298888818637745,1126.0703949799408
12,,0.9584032893180847,-0.024793778359889985,0.9517303466796875,,,1.0,0.009888369328266866,0.07826798928750528,1.0,0.001,1.0,0.0001,0.006247436775132932,0.011610894841519562,0.04509375546429608,1278.4234874828442
13,,0.9609182476997375,-0.02199937552213669,0.9495644569396973,,,1.0,0.010182465733708563,0.07788358121304899,1.0,0.001,1.0,0.0001,0.03668944342624289,0.011468054827403379,0.04285707264333158,1272.8281134528083
14,,0.956196665763855,-0.02673877775669098,0.9415966033935547,,,1.0,0.006945929656157622,0.06590750926249736,1.0,0.001,1.0,0.0001,0.0013819383985055785,0.0077892093591996146,0.05139898126189773,1168.5917498614338
15,,0.9515291452407837,-0.03893463015556335,0.9391576766967773,,,1.0,0.007498196653417639,0.0679103438918655,1.0,0.001,1.0,0.0001,0.001364492254959112,0.0066756654367152906,0.05452769269814362,1132.220495275549
16,,0.9474661946296692,-0.05546374917030335,0.9396858215332031,,,1.0,0.009609455031317634,0.07826606131888725,1.0,0.001,1.0,0.0001,0.0017788352911215829,0.013064104547673787,0.06296894115370673,1183.1801774308487
1,,0.8736504912376404,-0.006079579889774323,0.8383814811706543,,,0.27837837837837837,0.41938756994298987,0.49598256703969595,0.543018018018018,0.001,1.0,0.0001,2.117246266957876,0.5213811764040509,0.20286996541796504,405.635152043523
2,,0.8419000506401062,-0.012223687767982484,0.801322078704834,,,1.0,0.006071986378850164,0.06121777714909734,1.0,0.001,1.0,0.0001,0.015024877946219733,0.006373304294774661,0.23036145036284988,581.8164887299408
3,,0.9337013959884644,0.010515276342630386,0.9197407722473144,,,1.0,0.007579364003361883,0.06811197641733531,1.0,0.001,1.0,0.0001,0.005224134725820576,0.013791850642175288,0.0783516676039309,642.4275100295608
4,,0.9760543704032898,-0.0032137248665094374,0.9657812118530273,,,1.0,0.007067998679908546,0.06622129904257285,1.0,0.001,1.0,0.0001,0.0012789929798502173,0.007221330693495032,0.03608034591417055,796.5849444415119
5,,0.9709845781326294,-0.011237993836402893,0.9548848152160645,,,1.0,0.008332057901330896,0.07222839561668602,1.0,0.001,1.0,0.0001,0.0005888129015983321,0.00971033060419801,0.04331131803022849,868.3043600546347
6,,0.9726027250289917,-0.022152724862098693,0.9599955558776856,,,1.0,0.007878040623020482,0.06990789980501742,1.0,0.001,1.0,0.0001,0.0008779410660232266,0.006058062244257009,0.03402634810756992,1022.1428890743771
7,,0.9659683704376221,-0.03127462863922119,0.9588527679443359,,,0.9986486486486487,0.005523092682297165,0.058496928859401394,0.9990990990990991,0.001,1.0,0.0001,0.0049380142315655845,0.007117120121177789,0.04388514563844011,898.4182640281883
8,,0.9657191634178162,-0.052447390556335446,0.953884506225586,,,1.0,0.009191571699606405,0.07437043061127534,1.0,0.001,1.0,0.0001,0.006443404205964651,0.011217943216497833,0.042093612857767054,1062.1915844066723
9,,0.9608246684074402,-0.042953485250473024,0.9557870864868164,,,1.0,0.008520363472603463,0.0731110650139886,1.0,0.001,1.0,0.0001,0.0006196809058196408,0.012678450124489295,0.04499671829713357,1061.0066074680637
10,,0.9524615406990051,-0.015024113655090331,0.9502246856689454,,,1.0,0.0061558517249854835,0.06139233563397382,1.0,0.001,1.0,0.0001,0.004734538710869635,0.007361478832978252,0.05727983890353022,1048.231102195946
11,,0.9600481390953064,-0.026777207851409912,0.946716594696045,,,1.0,0.007140463107341045,0.0663552206915778,1.0,0.001,1.0,0.0001,0.000788821364998561,0.00853118408672713,0.05301450152654905,1016.521936365076
12,,0.9659126400947571,-0.02242482453584671,0.9505593299865722,,,1.0,0.007809896726866026,0.069492092648068,1.0,0.001,1.0,0.0001,0.07531838623706151,0.00779225244312673,0.04406338124661832,1260.2800672376477
13,,0.9603399634361267,-0.021915249526500702,0.9500261306762695,,,0.9986486486486487,0.009143558708397118,0.07614637838827597,0.9993243243243243,0.001,1.0,0.0001,0.0017793355352320784,0.012402195886180207,0.05939415661064354,1142.9288511533996
14,,0.9570268392562866,-0.02786621153354645,0.9458488464355469,,,1.0,0.01133495923635122,0.08452114414524388,1.0,0.001,1.0,0.0001,0.00169999364994215,0.006930760164568956,0.05720324129671664,1211.7384214658996
15,,0.9541419744491577,-0.022606447339057922,0.9436363220214844,,,1.0,0.010239787359495421,0.08217185767921241,1.0,0.001,1.0,0.0001,0.016041465314506117,0.010070534586604382,0.058182394987828026,1130.9915532292546
16,,0.9338606595993042,-0.04753326773643494,0.9316052436828614,,,1.0,0.006755644566303975,0.06516482894485061,1.0,0.001,1.0,0.0001,0.0009180917474647711,0.008614445860321457,0.07171153216748624,1055.1771644386085
1,,0.7931504845619202,0.0027100563049316405,0.624871015548706,,,0.17432432432432432,0.24706202326594173,0.3288744746027766,0.4754504504504504,0.001,1.0,0.0001,2.353592070373329,0.2977948854299816,0.3560688060683173,491.1642971554318
2,,0.9149945974349976,-0.0015309150330722332,0.884336280822754,,,1.0,0.009441806174613335,0.07149771613043708,1.0,0.001,1.0,0.0001,0.4915752239726685,0.13235060326956413,0.1106056538788048,701.9161492425043
3,,0.9562712907791138,-0.011784423887729645,0.9250335693359375,,,1.0,0.010890924608385241,0.08048535939809438,1.0,0.001,1.0,0.0001,0.001444948423611365,0.022141170813827903,0.06827232241630554,692.8965016957876
4,,0.9654933214187622,-0.03829517662525177,0.962685489654541,,,1.0,0.005672685520069019,0.05959164387470967,1.0,0.001,1.0,0.0001,0.008087756274058798,0.006477435676355821,0.042037979976550954,751.8244554674303
5,,0.9687834978103638,-0.042593064904212954,0.9652187347412109,,,1.0,0.005885200887113004,0.06024594693570524,1.0,0.001,1.0,0.0001,0.003746810689335689,0.02912482005116102,0.03844914645762057,1008.7591000118771
6,,0.9713125228881836,-0.04455036222934723,0.9632717132568359,,,1.0,0.0065085179096943625,0.06315272563212626,1.0,0.001,1.0,0.0001,0.0027400631643595755,0.010968615647052994,0.03797247200398832,921.6429525839316
7,,0.9717892408370972,-0.027416011691093443,0.959627342224121,,,1.0,0.0076944003234038485,0.06937080589500634,1.0,0.001,1.0,0.0001,0.00131235636965013,0.015261214050288135,0.036274740824828275,931.3837445233319
8,,0.959500253200531,-0.02537638247013092,0.9523117065429687,,,1.0,0.0050545660225120755,0.05542981946790541,1.0,0.001,1.0,0.0001,0.0018283835487071319,0.0104593805326904,0.05353060203629571,932.8875988109692
9,,0.9640997052192688,-0.031219875812530516,0.9517539024353028,,,1.0,0.006551943598566828,0.06462611636599978,1.0,0.001,1.0,0.0001,0.0004912235725331246,0.008379008407024918,0.04443938667709763,1035.0420606458508
10,,0.9558206796646118,-0.05417572855949402,0.9506781578063965,,,1.0,0.008909079835221574,0.07442276413376267,1.0,0.001,1.0,0.0001,0.0003264552628135445,0.008148692749642037,0.04588040226214641,1030.1417261072106
11,,0.961318850517273,-0.02441462278366089,0.9473001480102539,,,1.0,0.010392826312297099,0.07980766296386718,1.0,0.001,1.0,0.0001,0.0012256775835585605,0.009197509551823541,0.05126222404273781,1015.1190672178526
12,,0.9679602384567261,-0.02870141565799713,0.9480024337768554,,,1.0,0.00823644174111856,0.06858656599714949,1.0,0.001,1.0,0.0001,0.0028535467863917263,0.006304758261083751,0.04777695439957284,1183.604441874736
13,,0.9562602639198303,-0.029685160517692565,0.9499175071716308,,,1.0,0.010590938619665197,0.08108329772949219,1.0,0.001,1.0,0.0001,0.008638757920625966,0.01673274061869125,0.04942830913775676,1132.5722483042125
14,,0.957503616809845,-0.003958854824304581,0.948060131072998,,,1.0,0.012463670163541227,0.08971196767446157,1.0,0.001,1.0,0.0001,0.007872565785972355,0.010214276574048642,0.05438346476168246,1145.295993289432
15,,0.9544326663017273,-0.02046070247888565,0.9459775924682617,,,1.0,0.00830698399930387,0.07285104184537321,1.0,0.001,1.0,0.0001,0.003803403011162929,0.015675126486835448,0.05049825197941548,1255.654672158731
16,,0.9495065212249756,-0.02896881103515625,0.9420978546142578,,,1.0,0.00647157333992623,0.06296674367543813,1.0,0.001,1.0,0.0001,0.003455952595293245,0.00850257437953071,0.05540000425802695,1189.3494147223396
